milestone_year,demand,supply,wgi
2027,85000,1091525,0.07787270103753922
2030,1500000,947871,1.5824938203616314
