year,india_cci
2015,0.897321
2016,0.881115
2017,0.751925
2018,0.609494
2019,0.323571
2020,0.287558
2021,0.248327
2022,0.243752
2023,0.250069
2024,0.250069
